"","resnames"
"1","GLU 28 (B)"
"2","ARG 32 (B)"
"3","GLU 116 (B)"
"4","LYS 192 (B)"
"5","ASP 193 (B)"
"6","LEU 194 (B)"
"7","PHE 196 (B)"
"8","GLU 298 (B)"
"9","GLN 304 (B)"
"10","CYS 305 (B)"
"11","GLU 308 (B)"
"12","LYS 312 (B)"
"13","GLU 318 (B)"
"14","TYR 320 (B)"
"15","THR 321 (B)"
"16","PHE 336 (B)"
"17","ASP 337 (B)"
"18","THR 340 (B)"
"19","ASP 341 (B)"
"20","ILE 343 (B)"
"21","ILE 344 (B)"
"22","LYS 345 (B)"
"23","ASN 347 (B)"
"24","LEU 348 (B)"
"25","ASP 350 (B)"
"26","CYS 351 (B)"
"27","GLY 352 (B)"
"28","LEU 353 (B)"
"29","PHE 354 (B)"
